<?xml version = "1.0" encoding = "UTF-8"?>
<!DOCTYPE mapper PUBLIC
        "-//mybatis.org//DTD com.example.Mapper 3.0//EN"
        "http://mybatis.org/dtd/mybatis-3-mapper.dtd">
<mapper namespace="com.example.de.mapper.UserMapper">
    <resultMap id="result" type="com.example.de.entity.User">
        <result property="name" column="name" />
        <result property="password" column="password"/>
        <result property="number" column="number"/>

    </resultMap>

<!--    <select id="ListUser" resultMap="result">-->
<!--        SELECT * FROM user-->
<!--    </select>-->

<!--    <select id="findUserByName" resultMap="result">-->
<!--        SELECT * FROM user where name=#{name}-->
<!--    </select>-->

<!--    <insert id="insertUser" parameterType="com.example.de.entity.User"-->
<!--            keyProperty="id" useGeneratedKeys="true">-->
<!--        INSERT INTO user(id,name,password,number)-->
<!--        VALUES (#{id},#{name, jdbcType=VARCHAR},#{password, jdbcType=VARCHAR},#{number} )-->
<!--    </insert>-->

<!--    <delete id="delete" parameterType="int">-->
<!--        delete from user where id=#{id}-->
<!--    </delete>-->

    <update id="Update" parameterType="com.example.de.entity.User">
    update user set user.name=#{name},user.password=#{password},user.number=#{number} where user.id=#{id}
    </update>
</mapper>